timestamp,carrier,destination,sip_code,pdd,duration
1727700000,carrier-alpha,UK-Mobile,200,3.19,176.9
1727700007,carrier-alpha,UK-Mobile,503,2.06,0
1727700014,carrier-alpha,UK-Mobile,503,2.99,0
1727700021,carrier-bravo,FR-Fixed,480,1.97,0
1727700028,carrier-alpha,FR-Fixed,486,1.73,0
1727700035,carrier-alpha,FR-Fixed,487,2.76,0
1727700042,carrier-bravo,FR-Fixed,200,3.84,105.9
1727700049,carrier-alpha,FR-Fixed,200,1.65,44.0
1727700056,carrier-bravo,FR-Fixed,200,3.95,153.6
1727700063,carrier-bravo,UK-Mobile,486,4.03,0
1727700070,carrier-alpha,FR-Fixed,486,3.56,0
1727700077,carrier-alpha,FR-Fixed,200,1.41,346.3
1727700084,carrier-bravo,UK-Mobile,200,1.42,409.3
1727700091,carrier-alpha,FR-Fixed,200,2.57,22.8
1727700098,carrier-alpha,FR-Fixed,487,3.02,0
1727700105,carrier-bravo,UK-Mobile,487,1.22,0
1727700112,carrier-alpha,UK-Mobile,503,2.16,0
1727700119,carrier-bravo,UK-Mobile,487,2.24,0
1727700126,carrier-alpha,FR-Fixed,200,4.07,87.9
1727700133,carrier-alpha,FR-Fixed,200,3.58,48.8
1727700140,carrier-bravo,FR-Fixed,487,3.01,0
1727700147,carrier-alpha,FR-Fixed,487,1.27,0
1727700154,carrier-alpha,UK-Mobile,487,2.74,0
1727700161,carrier-bravo,FR-Fixed,486,3.14,0
1727700168,carrier-alpha,FR-Fixed,200,2.71,161.7
1727700175,carrier-bravo,UK-Mobile,200,2.23,82.9
1727700182,carrier-bravo,FR-Fixed,486,3.75,0
1727700189,carrier-alpha,UK-Mobile,200,1.93,293.2
1727700196,carrier-alpha,FR-Fixed,200,2.64,215.6
1727700203,carrier-alpha,FR-Fixed,480,2.65,0
1727700210,carrier-alpha,UK-Mobile,200,3.35,389.1
1727700217,carrier-bravo,FR-Fixed,200,1.6,135.8
1727700224,carrier-alpha,FR-Fixed,480,4.05,0
1727700231,carrier-bravo,UK-Mobile,487,3.15,0
1727700238,carrier-bravo,FR-Fixed,200,4.0,112.5
1727700245,carrier-bravo,FR-Fixed,200,2.55,456.0
1727700252,carrier-alpha,UK-Mobile,200,4.31,381.6
1727700259,carrier-bravo,UK-Mobile,200,2.71,252.0
1727700266,carrier-bravo,FR-Fixed,486,4.03,0
1727700273,carrier-bravo,UK-Mobile,486,1.32,0
1727700280,carrier-alpha,FR-Fixed,486,2.79,0
1727700287,carrier-alpha,UK-Mobile,200,1.99,3.6
1727700294,carrier-bravo,UK-Mobile,486,2.33,0
1727700301,carrier-bravo,FR-Fixed,486,2.36,0
1727700308,carrier-alpha,UK-Mobile,200,3.9,33.8
1727700315,carrier-bravo,UK-Mobile,486,2.81,0
1727700322,carrier-bravo,UK-Mobile,480,2.09,0
1727700329,carrier-bravo,UK-Mobile,200,3.76,0.3
1727700336,carrier-alpha,UK-Mobile,200,1.36,118.7
1727700343,carrier-alpha,UK-Mobile,200,2.82,30.8
